Volume (mL),Average Conductivity (µS/cm),Standard Deviation (µS/cm)
0.5,108.75999999999999,0.12806248474865525
1.0,100.88000000000001,0.1400000000000006
1.5,93.19000000000001,0.12497999839974422
2.0,85.54100000000001,0.12995768542106328
2.5,78.03899999999999,0.11022250223978691
3.0,70.66799999999999,0.10906878563548816
3.5,63.472,0.10833282051160731
4.0,56.062,0.09130169768410654
4.5,49.013,0.06067124524847056
5.0,42.20399999999999,0.06887670143088957
5.5,39.289,0.06252199612936266
6.0,40.822,0.06462197768561449
6.5,44.976,0.08822698000045004
7.0,49.446999999999996,0.0841486779456457
7.5,53.727,0.08706893820416103
8.0,57.992999999999995,0.1081711606667872
8.5,62.178,0.08600000000000106
9.0,66.362,0.12163880959627939
9.5,70.40299999999999,0.13214007719083543
10.0,74.30499999999999,0.10012492197250356
10.5,78.387,0.1291549457047615
11.0,82.40599999999999,0.12034949106664536
11.5,86.389,0.14180620578804157
12.0,90.244,0.13230268326832867
12.5,94.00200000000001,0.1581012333917757
13.0,97.798,0.15138031576132915
13.5,101.45,0.19104973174542533
14.0,105.23999999999998,0.16248076809272047
14.5,109.13,0.18466185312619607
15.0,113.02000000000001,0.18330302779823124
15.5,116.67,0.2002498439450091
16.0,120.07000000000001,0.20024984394500822
16.5,123.55999999999999,0.19595917942265426
17.0,127.08999999999999,0.17578395831247182
17.5,130.43,0.18999999999999714
18.0,133.9,0.20493901531918865
18.5,137.47,0.20024984394500459
19.0,141.04999999999998,0.22472205054243777
19.5,144.37000000000003,0.22825424421027024
20.0,147.54999999999998,0.22472205054243777
