Volume (mL),Average pH,Standard Deviation
0.0,13.164000000000001,0.0059833101206605566
0.5,13.128499999999999,0.007102816342831846
1.0,13.078099999999997,0.005855766388782865
1.5,13.024600000000001,0.006311893535224012
2.0,12.958700000000002,0.006435060217278277
2.5,12.8791,0.006655073252789901
3.0,12.7804,0.00616765757804392
3.5,12.6601,0.00718957578720742
4.0,12.523900000000001,0.006685057965343493
4.5,12.303700000000001,0.007071774883294868
5.0,11.979299999999999,0.00606712452484681
5.5,11.352500000000001,0.006960603422118154
6.0,10.582699999999999,0.006914477565224786
6.5,9.797299999999998,0.006527633568146953
7.0,7.085800000000001,0.008059776671843977
7.5,6.0058,0.006720119046564577
8.0,4.994400000000001,0.008345058418009962
